date,open,high,low,close,volume
2024-04-26,17.0,17.280000686645508,16.875,17.170000076293945,9189400
2024-04-29,17.209999084472656,17.43000030517578,17.030000686645508,17.18000030517578,8335700
2024-04-30,17.030000686645508,17.399999618530273,16.979999542236328,17.0,10073000
2024-05-01,16.860000610351562,17.020000457763672,16.389999389648438,16.440000534057617,9407100
2024-05-02,16.610000610351562,16.649999618530273,16.260000228881836,16.530000686645508,11008600
2024-05-03,16.739999771118164,16.8700008392334,16.610000610351562,16.860000610351562,7951500
2024-05-06,17.020000457763672,17.200000762939453,16.950000762939453,17.15999984741211,9233700
2024-05-07,17.200000762939453,17.229999542236328,16.799999237060547,16.860000610351562,8273300
2024-05-08,16.770000457763672,17.190000534057617,16.709999084472656,17.18000030517578,8134900
2024-05-09,17.229999542236328,17.270000457763672,16.895000457763672,17.059999465942383,8599600
2024-05-10,17.100000381469727,17.290000915527344,16.989999771118164,17.059999465942383,6454400
2024-05-13,17.1299991607666,17.459999084472656,17.1299991607666,17.3799991607666,11969900
2024-05-14,17.469999313354492,17.65999984741211,17.420000076293945,17.649999618530273,11483000
2024-05-15,17.75,18.0,17.65999984741211,17.969999313354492,11307200
2024-05-16,17.979999542236328,18.079999923706055,17.75,17.889999389648438,10222600
2024-05-17,18.010000228881836,18.024999618530273,17.729999542236328,17.860000610351562,9238500
2024-05-20,17.899999618530273,18.040000915527344,17.719999313354492,17.799999237060547,10130500
2024-05-21,17.760000228881836,17.829999923706055,17.59000015258789,17.780000686645508,9328200
2024-05-22,17.799999237060547,18.18000030517578,17.739999771118164,18.149999618530273,10667200
2024-05-23,18.850000381469727,18.950000762939453,18.149999618530273,18.239999771118164,15612200
2024-05-24,18.329999923706055,18.600000381469727,18.299999237060547,18.40999984741211,13605300
2024-05-28,18.489999771118164,18.780000686645508,18.219999313354492,18.40999984741211,17948100
2024-05-29,18.239999771118164,18.399999618530273,18.170000076293945,18.18000030517578,14206500
2024-05-30,18.510000228881836,18.679000854492188,18.290000915527344,18.520000457763672,31909300
2024-05-31,17.90999984741211,17.969999313354492,17.309999465942383,17.649999618530273,33499300
2024-06-03,17.90999984741211,18.079999923706055,17.649999618530273,17.950000762939453,22762900
2024-06-04,17.850000381469727,17.959999084472656,17.59000015258789,17.600000381469727,30743300
2024-06-05,20.350000381469727,20.43000030517578,19.440000534057617,19.479999542236328,88492100
2024-06-06,19.3700008392334,20.040000915527344,19.084999084472656,19.59000015258789,30573600
2024-06-07,19.719999313354492,20.040000915527344,19.709999084472656,20.030000686645508,21612900
2024-06-10,20.0,20.639999389648438,19.950000762939453,20.59000015258789,23519100
2024-06-11,20.5,20.68000030517578,20.190000534057617,20.559999465942383,15196800
2024-06-12,20.8700008392334,21.165000915527344,20.649999618530273,20.90999984741211,20247700
2024-06-13,20.860000610351562,21.899999618530273,20.790000915527344,21.760000228881836,22925400
2024-06-14,21.6200008392334,21.81999969482422,21.260000228881836,21.600000381469727,18473700
2024-06-17,21.854999542236328,21.959999084472656,21.19499969482422,21.65999984741211,20204900
2024-06-18,21.889999389648438,22.81999969482422,21.55500030517578,21.84000015258789,44296100
2024-06-20,22.65999984741211,22.739999771118164,21.405000686645508,21.479999542236328,25498900
2024-06-21,21.25,21.3799991607666,20.43000030517578,20.920000076293945,59893400
2024-06-24,20.829999923706055,21.030000686645508,20.454999923706055,20.469999313354492,19621200
2024-06-25,20.510000228881836,21.139999389648438,20.329999923706055,21.1200008392334,15186900
2024-06-26,20.780000686645508,21.010000228881836,20.72100067138672,20.920000076293945,17304900
2024-06-27,20.920000076293945,21.309999465942383,20.889999389648438,21.040000915527344,12921000
2024-06-28,21.040000915527344,21.274999618530273,20.895000457763672,21.170000076293945,17398900
2024-07-01,21.31999969482422,21.31999969482422,20.600000381469727,21.15999984741211,13452100
2024-07-02,20.860000610351562,21.165000915527344,20.809999465942383,21.1200008392334,11762400
2024-07-03,21.100000381469727,21.100000381469727,20.520000457763672,20.670000076293945,11412800
2024-07-05,20.68000030517578,20.684999465942383,20.290000915527344,20.549999237060547,15281400
2024-07-08,20.7450008392334,20.979999542236328,20.690000534057617,20.889999389648438,11118800
2024-07-09,20.809999465942383,21.614999771118164,20.799999237060547,21.25,15683100
2024-07-10,21.389999389648438,21.489999771118164,21.100000381469727,21.350000381469727,10414200
2024-07-11,21.360000610351562,21.40999984741211,20.969999313354492,21.200000762939453,9411900
2024-07-12,21.190000534057617,21.40999984741211,20.979999542236328,21.170000076293945,9206500
2024-07-15,21.260000228881836,21.479999542236328,21.149999618530273,21.440000534057617,9921600
2024-07-16,21.479999542236328,21.530000686645508,21.229999542236328,21.43000030517578,7878100
2024-07-17,21.18000030517578,21.290000915527344,20.729999542236328,20.809999465942383,12520200
2024-07-18,21.020000457763672,21.209999084472656,20.625,20.670000076293945,10713200
2024-07-19,20.65999984741211,20.71500015258789,20.440000534057617,20.479999542236328,10035700
2024-07-22,20.6200008392334,20.790000915527344,20.479999542236328,20.59000015258789,9656900
2024-07-23,20.5,20.674999237060547,20.40999984741211,20.540000915527344,6290300
2024-07-24,20.40999984741211,20.670000076293945,20.030000686645508,20.049999237060547,9554200
2024-07-25,19.920000076293945,19.989999771118164,19.40999984741211,19.450000762939453,11529800
2024-07-26,19.579999923706055,19.90999984741211,19.53499984741211,19.760000228881836,7954800
2024-07-29,19.850000381469727,19.924999237060547,19.389999389648438,19.40999984741211,7886100
2024-07-30,19.559999465942383,19.690000534057617,18.989999771118164,19.010000228881836,11214600
2024-07-31,19.799999237060547,20.094999313354492,19.639999389648438,19.90999984741211,12120400
2024-08-01,19.75,19.979999542236328,18.829999923706055,19.079999923706055,9310000
2024-08-02,18.549999237060547,18.690000534057617,17.950000762939453,18.030000686645508,12776500
2024-08-05,17.260000228881836,17.56999969482422,17.0,17.350000381469727,12876400
2024-08-06,17.399999618530273,17.559999465942383,17.229999542236328,17.25,14081300
2024-08-07,17.25,17.270000457763672,16.610000610351562,16.719999313354492,18905800
2024-08-08,16.913000106811523,17.329999923706055,16.913000106811523,17.309999465942383,9934500
2024-08-09,17.200000762939453,17.434999465942383,17.110000610351562,17.34000015258789,7352800
2024-08-12,17.389999389648438,17.41900062561035,17.059999465942383,17.190000534057617,13676700
2024-08-13,17.360000610351562,17.8799991607666,17.31999969482422,17.799999237060547,16886400
2024-08-14,17.829999923706055,17.850000381469727,17.540000915527344,17.780000686645508,10201100
2024-08-15,18.299999237060547,18.80500030517578,18.110000610351562,18.760000228881836,13126900
2024-08-16,18.690000534057617,18.829999923706055,18.559999465942383,18.670000076293945,8302500
2024-08-19,18.670000076293945,18.899999618530273,18.5,18.8799991607666,9017300
2024-08-20,18.81999969482422,18.84000015258789,18.469999313354492,18.770000457763672,9747600
2024-08-21,18.809999465942383,18.899999618530273,18.5,18.8799991607666,7719800
2024-08-22,18.90999984741211,19.049999237060547,18.735000610351562,18.770000457763672,7195100
2024-08-23,19.06999969482422,19.31999969482422,18.8799991607666,19.209999084472656,7959500
2024-08-26,19.229999542236328,19.479999542236328,19.09000015258789,19.18000030517578,7313700
2024-08-27,19.059999465942383,19.34000015258789,19.030000686645508,19.100000381469727,7637300
2024-08-28,19.0,19.174999237060547,18.799999237060547,19.0,8707000
2024-08-29,18.959999084472656,19.040000915527344,18.65999984741211,18.68000030517578,9558700
2024-08-30,19.149999618530273,19.56999969482422,19.110000610351562,19.3700008392334,18330200
2024-09-03,19.280000686645508,19.440000534057617,18.959999084472656,19.059999465942383,15341500
2024-09-04,18.93000030517578,19.020999908447266,18.559999465942383,18.770000457763672,21890700
2024-09-05,17.149999618530273,18.0,16.854999542236328,17.639999389648438,29090200
2024-09-06,17.575000762939453,17.799999237060547,17.299999237060547,17.530000686645508,16208800
2024-09-09,17.600000381469727,17.850000381469727,17.530000686645508,17.600000381469727,13693000
2024-09-10,16.389999389648438,16.530000686645508,15.949999809265137,16.100000381469727,70663200
2024-09-11,16.100000381469727,16.459999084472656,15.770000457763672,16.399999618530273,70763400
2024-09-12,16.360000610351562,16.934999465942383,16.200000762939453,16.860000610351562,41955200
2024-09-13,16.920000076293945,17.200000762939453,16.84000015258789,17.149999618530273,19822600
2024-09-16,16.84000015258789,17.309999465942383,16.809999465942383,17.229999542236328,14943400
2024-09-17,17.969999313354492,18.399999618530273,17.709999084472656,18.200000762939453,28391600
2024-09-18,18.270000457763672,18.56999969482422,18.034000396728516,18.299999237060547,17767100
2024-09-19,18.670000076293945,18.940000534057617,18.645000457763672,18.850000381469727,17085300
2024-09-20,18.790000915527344,18.889999389648438,18.5049991607666,18.809999465942383,30623000
2024-09-23,18.81999969482422,18.864999771118164,18.625,18.829999923706055,11338800
2024-09-24,18.950000762939453,18.959999084472656,18.79199981689453,18.8799991607666,10154800
2024-09-25,19.690000534057617,20.084999084472656,19.579999923706055,19.850000381469727,24344100
2024-09-26,20.229999542236328,20.489999771118164,19.979999542236328,20.350000381469727,17618600
2024-09-27,20.450000762939453,20.479999542236328,20.1299991607666,20.139999389648438,10396800
2024-09-30,20.09000015258789,20.510000228881836,19.940000534057617,20.459999084472656,16962200
2024-10-01,20.329999923706055,20.3799991607666,19.81999969482422,19.950000762939453,14802400
2024-10-02,20.0,20.65999984741211,19.950000762939453,20.5,12851100
2024-10-03,20.389999389648438,20.829999923706055,20.229999542236328,20.350000381469727,10884200
2024-10-04,20.690000534057617,20.75,20.283000946044922,20.6200008392334,8528200
2024-10-07,20.510000228881836,20.924999237060547,20.5,20.860000610351562,10961300
2024-10-08,20.959999084472656,21.049999237060547,20.760000228881836,20.969999313354492,11588800
2024-10-09,20.81999969482422,20.895999908447266,20.503000259399414,20.850000381469727,10816900
2024-10-10,20.700000762939453,20.940000534057617,20.389999389648438,20.540000915527344,18463700
2024-10-11,20.530000686645508,20.81999969482422,20.5,20.670000076293945,8488000
2024-10-14,20.649999618530273,20.93000030517578,20.6299991607666,20.719999313354492,8153300
2024-10-15,20.809999465942383,21.09000015258789,20.65999984741211,20.739999771118164,14362600
2024-10-16,20.799999237060547,20.969999313354492,20.690000534057617,20.889999389648438,13599300
2024-10-17,20.81999969482422,21.0,20.674999237060547,20.940000534057617,9672800
2024-10-18,21.030000686645508,21.059999465942383,20.389999389648438,20.690000534057617,10429200
2024-10-21,20.68000030517578,20.68000030517578,19.889999389648438,19.969999313354492,15063900
2024-10-22,19.850000381469727,19.959999084472656,19.56999969482422,19.889999389648438,11112200
2024-10-23,19.829999923706055,19.850000381469727,19.2450008392334,19.309999465942383,10069800
2024-10-24,19.420000076293945,19.469999313354492,19.235000610351562,19.399999618530273,9434600
2024-10-25,19.579999923706055,19.860000610351562,19.440000534057617,19.459999084472656,7901400
2024-10-28,19.594999313354492,19.8799991607666,19.479999542236328,19.729999542236328,8955900
2024-10-29,19.729999542236328,19.975000381469727,19.690000534057617,19.8700008392334,9709400
2024-10-30,20.950000762939453,21.049999237060547,20.229999542236328,20.34000015258789,15599700
2024-10-31,20.190000534057617,20.239999771118164,19.489999771118164,19.489999771118164,12163500
2024-11-01,19.55500030517578,20.2450008392334,19.510000228881836,20.059999465942383,12602000
2024-11-04,20.149999618530273,20.389999389648438,20.010000228881836,20.010000228881836,8093400
2024-11-05,20.020000457763672,20.274999618530273,19.860000610351562,20.0,9456000
2024-11-06,20.729999542236328,21.389999389648438,20.68000030517578,21.329999923706055,15601000
2024-11-07,21.360000610351562,21.665000915527344,21.170000076293945,21.440000534057617,11975400
2024-11-08,21.469999313354492,22.200000762939453,21.3799991607666,22.040000915527344,14164900
2024-11-11,22.1200008392334,22.399999618530273,21.889999389648438,22.020000457763672,10395900
2024-11-12,21.829999923706055,22.110000610351562,21.700000762939453,21.729999542236328,8487500
2024-11-13,21.760000228881836,22.149999618530273,21.610000610351562,21.850000381469727,10682400
2024-11-14,21.709999084472656,22.040000915527344,21.34000015258789,21.34000015258789,9000700
2024-11-15,21.389999389648438,21.489999771118164,20.979999542236328,21.06999969482422,10918000
2024-11-18,21.809999465942383,21.860000610351562,21.290000915527344,21.3799991607666,12030800
2024-11-19,21.219999313354492,21.565000534057617,20.860000610351562,21.530000686645508,9248700
2024-11-20,21.559999465942383,21.559999465942383,21.075000762939453,21.18000030517578,10338300
2024-11-21,21.31999969482422,21.959999084472656,21.299999237060547,21.739999771118164,12939500
2024-11-22,21.809999465942383,22.219999313354492,21.719999313354492,22.100000381469727,8865800
2024-11-25,22.399999618530273,22.6200008392334,22.06999969482422,22.209999084472656,21880100
2024-11-26,22.170000076293945,22.25,21.934999465942383,22.1299991607666,8299400
2024-11-27,21.1200008392334,21.450000762939453,20.635000228881836,20.799999237060547,16174000
2024-11-29,20.829999923706055,21.420000076293945,20.809999465942383,21.219999313354492,7085600
2024-12-02,21.200000762939453,21.600000381469727,20.989999771118164,21.25,12697300
2024-12-03,21.059999465942383,21.31999969482422,20.959999084472656,21.299999237060547,9325900
2024-12-04,21.5,22.079999923706055,21.3700008392334,21.760000228881836,11767000
2024-12-05,22.600000381469727,22.739999771118164,21.56999969482422,21.649999618530273,26020400
2024-12-06,22.68000030517578,24.239999771118164,22.459999084472656,23.950000762939453,37723200
2024-12-09,23.850000381469727,23.920000076293945,23.059999465942383,23.110000610351562,22240200
2024-12-10,22.6299991607666,22.899999618530273,21.770000457763672,21.920000076293945,20630800
2024-12-11,21.829999923706055,22.0,21.204999923706055,21.90999984741211,16182300
2024-12-12,21.823999404907227,22.170000076293945,21.760000228881836,21.829999923706055,12668200
2024-12-13,21.72800064086914,22.06999969482422,21.68000030517578,21.829999923706055,10279500
2024-12-16,21.83300018310547,22.040000915527344,21.25,21.850000381469727,22024400
2024-12-17,21.360000610351562,21.90999984741211,21.360000610351562,21.540000915527344,13269400
2024-12-18,21.670000076293945,21.799999237060547,20.549999237060547,20.59000015258789,15360500
2024-12-19,21.09000015258789,21.200000762939453,20.760000228881836,20.889999389648438,18372300
2024-12-20,20.610000610351562,21.639999389648438,20.600000381469727,21.610000610351562,43682400
2024-12-23,21.600000381469727,21.860000610351562,21.389999389648438,21.81999969482422,14384000
2024-12-24,21.860000610351562,21.920000076293945,21.749000549316406,21.889999389648438,5955400
2024-12-26,21.790000915527344,22.049999237060547,21.774999618530273,22.030000686645508,4815400
2024-12-27,21.825000762939453,21.915000915527344,21.520000457763672,21.649999618530273,6571000
2024-12-30,21.315000534057617,21.610000610351562,21.125,21.399999618530273,7219100
2024-12-31,21.469999313354492,21.594999313354492,21.184999465942383,21.350000381469727,7318600
2025-01-02,21.440000534057617,21.56999969482422,21.149999618530273,21.469999313354492,11584500
2025-01-03,21.56999969482422,21.850000381469727,21.440000534057617,21.81999969482422,8661800
2025-01-06,22.219999313354492,23.059999465942383,22.170000076293945,22.850000381469727,21505800
2025-01-07,23.049999237060547,23.049999237060547,22.2549991607666,22.280000686645508,12107300
2025-01-08,22.200000762939453,22.2450008392334,21.600000381469727,22.030000686645508,14520700
2025-01-10,21.829999923706055,22.979999542236328,21.485000610351562,22.079999923706055,26537200
2025-01-13,21.540000915527344,22.0,21.165000915527344,21.979999542236328,14949500
2025-01-14,22.15999984741211,22.899999618530273,22.030000686645508,22.540000915527344,17645900
2025-01-15,23.155000686645508,23.34000015258789,22.950000762939453,23.299999237060547,17963000
2025-01-16,23.360000610351562,23.510000228881836,23.21500015258789,23.40999984741211,11090300
2025-01-17,23.700000762939453,23.700000762939453,23.09000015258789,23.139999389648438,19931100
2025-01-21,23.29199981689453,23.75,23.110000610351562,23.700000762939453,11827700
2025-01-22,24.09000015258789,24.65999984741211,23.84000015258789,24.420000076293945,14117400
2025-01-23,24.270000457763672,24.415000915527344,24.059999465942383,24.360000610351562,9303000
2025-01-24,24.520000457763672,24.53499984741211,24.15999984741211,24.3700008392334,9462800
2025-01-27,23.260000228881836,23.469999313354492,22.3799991607666,22.950000762939453,17887200
2025-01-28,23.040000915527344,23.040000915527344,20.979999542236328,21.459999084472656,30977900
2025-01-29,21.84000015258789,22.200000762939453,21.625,21.65999984741211,15537200
2025-01-30,22.049999237060547,22.09000015258789,20.34000015258789,21.190000534057617,27898800
2025-01-31,21.209999084472656,21.56999969482422,20.979999542236328,21.190000534057617,17010800
2025-02-03,20.614999771118164,20.929000854492188,20.40999984741211,20.459999084472656,16941500
2025-02-04,20.579999923706055,20.84000015258789,20.389999389648438,20.829999923706055,15540300
2025-02-05,20.809999465942383,21.479999542236328,20.780000686645508,21.360000610351562,12062000
2025-02-06,21.559999465942383,21.700000762939453,21.239999771118164,21.360000610351562,10698800
2025-02-07,21.559999465942383,21.700000762939453,21.139999389648438,21.270000457763672,10204900
2025-02-10,21.389999389648438,21.469999313354492,21.075000762939453,21.43000030517578,10673500
2025-02-11,21.229999542236328,21.424999237060547,21.1200008392334,21.18000030517578,11291800
2025-02-12,20.989999771118164,21.274999618530273,20.860000610351562,21.09000015258789,7928600
2025-02-13,21.25,21.440000534057617,20.989999771118164,21.280000686645508,9625100
2025-02-14,21.290000915527344,21.770000457763672,21.18000030517578,21.709999084472656,9807700
2025-02-18,21.80500030517578,21.860000610351562,21.290000915527344,21.780000686645508,11685600
2025-02-19,21.700000762939453,21.905000686645508,21.600000381469727,21.850000381469727,8427700
2025-02-20,21.860000610351562,21.96500015258789,21.53499984741211,21.739999771118164,8675800
2025-02-21,21.889999389648438,21.975000381469727,21.059999465942383,21.139999389648438,7811900
2025-02-24,21.200000762939453,21.256000518798828,20.65999984741211,20.75,13306200
2025-02-25,20.709999084472656,20.729999542236328,20.165000915527344,20.290000915527344,11058000
2025-02-26,20.489999771118164,20.78499984741211,20.239999771118164,20.3700008392334,10821500
2025-02-27,20.489999771118164,20.68000030517578,19.809999465942383,19.84000015258789,9331100
2025-02-28,19.600000381469727,20.030000686645508,19.239999771118164,19.809999465942383,17708400
2025-03-03,20.06999969482422,20.09000015258789,18.885000228881836,19.030000686645508,11757900
2025-03-04,18.860000610351562,19.1200008392334,18.334999084472656,18.84000015258789,16369000
2025-03-05,18.950000762939453,19.100000381469727,18.575000762939453,18.889999389648438,15371900
2025-03-06,18.31999969482422,18.687999725341797,17.8799991607666,17.959999084472656,25150000
2025-03-07,15.260000228881836,16.040000915527344,14.930000305175781,15.8100004196167,81950800
2025-03-10,15.510000228881836,15.670000076293945,14.850000381469727,15.079999923706055,32930200
2025-03-11,15.020000457763672,15.505000114440918,14.920000076293945,15.34000015258789,29627200
2025-03-12,15.25,15.520000457763672,14.930000305175781,15.09000015258789,26594000
2025-03-13,15.109999656677246,15.425000190734863,14.640000343322754,14.770000457763672,30915000
2025-03-14,15.050000190734863,15.6899995803833,15.050000190734863,15.619999885559082,27800100
2025-03-17,15.649999618530273,15.960000038146973,15.600000381469727,15.84000015258789,19419600
2025-03-18,15.755000114440918,16.040000915527344,15.720000267028809,15.930000305175781,24407600
2025-03-19,16.079999923706055,16.545000076293945,16.06399917602539,16.34000015258789,21482800
2025-03-20,16.100000381469727,16.479999542236328,16.06100082397461,16.229999542236328,19402600
2025-03-21,15.9399995803833,16.1200008392334,15.781000137329102,16.049999237060547,47407400
2025-03-24,16.399999618530273,16.549999237060547,16.315000534057617,16.479999542236328,24161700
2025-03-25,16.459999084472656,16.59000015258789,16.399999618530273,16.520000457763672,21198200
2025-03-26,16.5,16.549999237060547,16.03499984741211,16.06999969482422,23621500
2025-03-27,15.960000038146973,16.059999465942383,15.760000228881836,15.9399995803833,18129300
2025-03-28,15.850000381469727,15.920000076293945,15.520000457763672,15.789999961853027,19216400
2025-03-31,15.479999542236328,15.550000190734863,15.239999771118164,15.430000305175781,31786500
2025-04-01,15.489999771118164,15.734999656677246,15.274999618530273,15.640000343322754,22897300
2025-04-02,15.390000343322754,16.200000762939453,15.390000343322754,16.1200008392334,23638200
2025-04-03,15.130000114440918,15.300000190734863,13.600000381469727,13.680000305175781,35325800
2025-04-04,13.3100004196167,13.3100004196167,11.96500015258789,12.789999961853027,32655000
2025-04-07,12.34000015258789,14.199999809265137,12.3100004196167,13.329999923706055,35719900
2025-04-08,13.710000038146973,13.949999809265137,12.260000228881836,12.510000228881836,31348400
2025-04-09,12.369999885559082,14.595000267028809,12.149999618530273,14.5,39493500
2025-04-10,13.9399995803833,14.069999694824219,13.199999809265137,13.739999771118164,23011200
2025-04-11,13.729999542236328,14.180000305175781,13.430000305175781,14.140000343322754,23791800
2025-04-14,14.859999656677246,14.859999656677246,14.270000457763672,14.279999732971191,24166100
2025-04-15,14.279999732971191,15.539999961853027,14.199999809265137,15.010000228881836,48695200
2025-04-16,14.720000267028809,15.1899995803833,14.600000381469727,14.880000114440918,25806100
2025-04-17,14.970000267028809,15.260000228881836,14.75,15.140000343322754,22462900
2025-04-21,14.949999809265137,15.020000457763672,14.550000190734863,14.819999694824219,19119900
2025-04-22,15.020000457763672,15.244999885559082,14.90999984741211,15.149999618530273,15465600
2025-04-23,15.779999732971191,16.260000228881836,15.3149995803833,15.350000381469727,19315600
2025-04-24,15.4399995803833,16.270000457763672,15.420000076293945,16.18000030517578,18837500
2025-04-25,16.219999313354492,16.334999084472656,16.059999465942383,16.239999771118164,10292000
2025-04-28,16.28499984741211,16.540000915527344,16.200000762939453,16.489999771118164,15464700
2025-04-29,16.350000381469727,16.485000610351562,16.260000228881836,16.309999465942383,10251100
2025-04-30,15.720000267028809,16.290000915527344,15.711000442504883,16.219999313354492,18477400
2025-05-01,16.399999618530273,16.760000228881836,16.399999618530273,16.40999984741211,14720300
2025-05-02,16.780000686645508,16.989999771118164,16.645000457763672,16.860000610351562,15404600
2025-05-05,16.65999984741211,16.989999771118164,16.6299991607666,16.670000076293945,14118200
2025-05-06,16.56999969482422,16.639999389648438,16.334999084472656,16.489999771118164,12831500
2025-05-07,16.559999465942383,16.600000381469727,16.174999237060547,16.559999465942383,13249300
2025-05-08,16.709999084472656,17.1299991607666,16.690000534057617,16.8700008392334,11542200
2025-05-09,16.96500015258789,17.110000610351562,16.760000228881836,16.889999389648438,15585200
2025-05-12,17.850000381469727,17.979999542236328,17.545000076293945,17.739999771118164,19595800
2025-05-13,17.799999237060547,18.059999465942383,17.674999237060547,17.920000076293945,14354000
2025-05-14,17.96500015258789,18.18000030517578,17.764999389648438,17.850000381469727,16650200
2025-05-15,17.719999313354492,17.719999313354492,17.440000534057617,17.6200008392334,16691600
2025-05-16,17.68000030517578,17.834999084472656,17.575000762939453,17.75,11741700
2025-05-19,17.360000610351562,17.545000076293945,17.329999923706055,17.459999084472656,16883600
2025-05-20,18.020000457763672,18.020000457763672,17.58300018310547,17.719999313354492,16293800
2025-05-21,17.600000381469727,18.06999969482422,17.485000610351562,17.540000915527344,19962700
2025-05-22,17.53499984741211,17.704999923706055,17.34000015258789,17.549999237060547,14241400
2025-05-23,17.18000030517578,17.469999313354492,17.030000686645508,17.420000076293945,9263400
2025-05-27,17.829999923706055,17.979999542236328,17.600000381469727,17.940000534057617,16322100
2025-05-28,17.950000762939453,18.0049991607666,17.6299991607666,17.690000534057617,10687900
2025-05-29,17.84000015258789,17.900999069213867,17.575000762939453,17.649999618530273,15549200
2025-05-30,17.3799991607666,17.450000762939453,17.09000015258789,17.280000686645508,26151300
2025-06-02,17.280000686645508,17.375,17.024999618530273,17.34000015258789,15657300
2025-06-03,17.31999969482422,17.770000457763672,17.155000686645508,17.690000534057617,27275600
2025-06-04,19.170000076293945,19.200000762939453,17.579999923706055,17.84000015258789,45635500
2025-06-05,17.780000686645508,18.059999465942383,17.520000457763672,17.760000228881836,23709700
2025-06-06,17.860000610351562,18.229999542236328,17.760000228881836,18.110000610351562,14262900
2025-06-09,18.200000762939453,18.59000015258789,18.15999984741211,18.309999465942383,13415500
2025-06-10,18.520000457763672,18.520000457763672,18.184999465942383,18.34000015258789,12940900
2025-06-11,18.299999237060547,18.420000076293945,18.1200008392334,18.219999313354492,12487100
2025-06-12,18.059999465942383,18.235000610351562,17.96500015258789,18.1299991607666,12763100
2025-06-13,17.760000228881836,17.959999084472656,17.530000686645508,17.649999618530273,13037100
2025-06-16,17.799999237060547,18.239999771118164,17.760000228881836,18.239999771118164,13992300
2025-06-17,18.030000686645508,18.260000228881836,17.84000015258789,17.899999618530273,14023000
2025-06-18,17.8700008392334,18.170000076293945,17.704999923706055,17.780000686645508,18678700
2025-06-20,18.024999618530273,18.190000534057617,17.780000686645508,17.959999084472656,33361800
2025-06-23,17.899999618530273,17.96500015258789,17.489999771118164,17.809999465942383,25782800
2025-06-24,17.989999771118164,18.25,17.940000534057617,18.149999618530273,12645900
2025-06-25,18.239999771118164,18.6200008392334,18.200000762939453,18.489999771118164,12015900
2025-06-26,18.594999313354492,18.6299991607666,18.325000762939453,18.3700008392334,15446600
2025-06-27,18.440000534057617,18.575000762939453,18.270000457763672,18.40999984741211,17126500
2025-06-30,20.690000534057617,20.969999313354492,20.1200008392334,20.450000762939453,58082000
2025-07-01,20.1200008392334,20.704999923706055,20.100000381469727,20.479999542236328,26402600
2025-07-02,20.540000915527344,21.469999313354492,20.260000228881836,21.25,29651200
2025-07-03,21.440000534057617,21.469999313354492,21.149999618530273,21.34000015258789,12296600
2025-07-07,21.219999313354492,21.28499984741211,20.770000457763672,20.90999984741211,24657200
2025-07-08,20.940000534057617,21.010000228881836,20.549999237060547,20.81999969482422,23841100
2025-07-09,21.020000457763672,21.020000457763672,20.594999313354492,20.799999237060547,18238600
2025-07-10,20.940000534057617,21.719999313354492,20.71500015258789,21.290000915527344,34641500
2025-07-11,21.049999237060547,21.049999237060547,20.68000030517578,20.719999313354492,20877600
2025-07-14,20.579999923706055,20.847999572753906,20.450000762939453,20.670000076293945,12232300
2025-07-15,20.860000610351562,20.899999618530273,20.280000686645508,20.280000686645508,11868700
2025-07-16,20.389999389648438,20.510000228881836,20.06999969482422,20.350000381469727,15635300
2025-07-17,20.889999389648438,21.15999984741211,20.600000381469727,20.829999923706055,18801600
2025-07-18,20.969999313354492,21.184999465942383,20.8799991607666,21.110000610351562,14176300
2025-07-21,21.010000228881836,21.09000015258789,20.639999389648438,20.65999984741211,15437700
2025-07-22,20.649999618530273,20.69499969482422,20.260000228881836,20.40999984741211,13488100
2025-07-23,20.65999984741211,21.155000686645508,20.65999984741211,20.760000228881836,16135000
2025-07-24,20.700000762939453,20.729999542236328,20.4950008392334,20.510000228881836,12227700
2025-07-25,20.729999542236328,20.729999542236328,20.5,20.729999542236328,8927400
2025-07-28,20.81999969482422,20.927000045776367,20.670000076293945,20.8799991607666,21449000
2025-07-29,20.940000534057617,21.100000381469727,20.719999313354492,20.850000381469727,18352500
2025-07-30,20.875,21.09000015258789,20.760000228881836,20.889999389648438,14022900
2025-07-31,20.920000076293945,21.198999404907227,20.65999984741211,20.690000534057617,11267300
2025-08-01,20.290000915527344,20.290000915527344,19.65999984741211,19.809999465942383,14724600
2025-08-04,20.030000686645508,20.05500030517578,19.829999923706055,20.020000457763672,14705200
2025-08-05,20.079999923706055,20.135000228881836,19.635000228881836,19.8700008392334,12199300
2025-08-06,19.860000610351562,20.309999465942383,19.649999618530273,20.1299991607666,18907400
2025-08-07,20.459999084472656,20.549999237060547,20.1299991607666,20.399999618530273,16213100
2025-08-08,20.559999465942383,21.014999389648438,20.510000228881836,20.809999465942383,15199300
2025-08-11,20.93000030517578,21.079999923706055,20.56999969482422,20.59000015258789,15792900
2025-08-12,20.899999618530273,21.434999465942383,20.739999771118164,21.31999969482422,17056900
2025-08-13,21.399999618530273,21.760000228881836,21.280000686645508,21.559999465942383,16222700
2025-08-14,21.239999771118164,21.479999542236328,21.1299991607666,21.31999969482422,7800500
2025-08-15,21.3799991607666,21.3799991607666,21.03499984741211,21.15999984741211,14998500
2025-08-18,21.110000610351562,21.665000915527344,21.100000381469727,21.6299991607666,12214900
2025-08-19,21.549999237060547,21.68000030517578,21.299999237060547,21.34000015258789,11587600
2025-08-20,21.600000381469727,21.6200008392334,20.440000534057617,21.040000915527344,16999500
2025-08-21,21.68000030517578,21.90999984741211,21.415000915527344,21.81999969482422,20562600
2025-08-22,21.8700008392334,22.690000534057617,21.84000015258789,22.450000762939453,18245300
2025-08-25,22.489999771118164,22.670000076293945,22.344999313354492,22.559999465942383,17378800
2025-08-26,22.549999237060547,22.7450008392334,22.399999618530273,22.5,17056400
2025-08-27,22.31999969482422,22.8700008392334,22.239999771118164,22.729999542236328,23389900
2025-08-28,22.81999969482422,23.309999465942383,22.700000762939453,23.15999984741211,24964900
2025-08-29,22.84000015258789,22.864999771118164,22.43000030517578,22.56999969482422,19962600
2025-09-02,22.049999237060547,22.709999084472656,21.920000076293945,22.68000030517578,27797200
2025-09-03,22.959999084472656,23.040000915527344,22.575000762939453,22.81999969482422,34179900
2025-09-04,23.899999618530273,24.174999237060547,22.68000030517578,23.15999984741211,62528800
2025-09-05,23.15999984741211,23.559999465942383,22.700000762939453,23.520000457763672,24237500
2025-09-08,23.600000381469727,23.774999618530273,23.049999237060547,23.5,19157100
2025-09-09,23.420000076293945,23.979999542236328,23.375,23.8799991607666,16873500
2025-09-10,24.010000228881836,24.679000854492188,23.93000030517578,24.440000534057617,21361400
2025-09-11,24.579999923706055,24.959999084472656,24.44499969482422,24.860000610351562,20845500
2025-09-12,24.854999542236328,25.100000381469727,24.729999542236328,24.729999542236328,20692400
2025-09-15,24.799999237060547,25.03700065612793,24.5049991607666,24.84000015258789,18368000
2025-09-16,24.90999984741211,24.969999313354492,24.34000015258789,24.43000030517578,21439300
2025-09-17,24.549999237060547,24.958999633789062,24.25,24.729999542236328,25280500
2025-09-18,25.0,25.350000381469727,24.889999389648438,25.239999771118164,22034800
2025-09-19,25.209999084472656,25.31999969482422,24.860000610351562,24.989999771118164,32895700
2025-09-22,24.954999923706055,25.356000900268555,24.899999618530273,25.15999984741211,28153200
2025-09-23,25.1200008392334,25.315000534057617,24.68000030517578,24.700000762939453,25207500
2025-09-24,24.889999389648438,25.06599998474121,24.3700008392334,24.459999084472656,25135600
2025-09-25,24.020000457763672,24.2549991607666,23.8700008392334,24.209999084472656,32909800
2025-09-26,24.079999923706055,24.149999618530273,23.80500030517578,24.0,20647700
2025-09-29,24.309999465942383,24.684999465942383,24.100000381469727,24.139999389648438,19445300
2025-09-30,24.100000381469727,24.565000534057617,23.979999542236328,24.559999465942383,22897400
2025-10-01,24.3799991607666,24.975000381469727,24.229999542236328,24.93000030517578,27908400
2025-10-02,25.170000076293945,25.309999465942383,24.40999984741211,24.479999542236328,17599900
2025-10-03,24.600000381469727,25.0,24.299999237060547,24.43000030517578,20800300
2025-10-06,24.969999313354492,25.2549991607666,24.764999389648438,24.790000915527344,15656000
2025-10-07,25.459999084472656,25.920000076293945,24.665000915527344,24.90999984741211,21949800
2025-10-08,24.860000610351562,26.440000534057617,24.850000381469727,26.079999923706055,29025300
2025-10-09,26.040000915527344,26.3700008392334,25.739999771118164,26.25,20274400
2025-10-10,26.25,26.367000579833984,24.389999389648438,24.399999618530273,35814900
2025-10-13,24.950000762939453,25.454999923706055,24.75,24.799999237060547,35267900
2025-10-14,24.3799991607666,25.3700008392334,24.280000686645508,25.0,34533600
2025-10-15,25.25,26.309999465942383,24.864999771118164,25.040000915527344,50347700
2025-10-16,22.969999313354492,23.489999771118164,22.110000610351562,22.5,78889800
2025-10-17,22.350000381469727,23.270000457763672,22.239999771118164,22.959999084472656,65685500
2025-10-20,23.065000534057617,23.104999542236328,22.440000534057617,22.8700008392334,60189800
2025-10-21,22.959999084472656,23.43000030517578,22.6200008392334,23.270000457763672,81272500
2025-10-22,23.139999389648438,23.2450008392334,22.600000381469727,23.09000015258789,50450400
2025-10-23,23.139999389648438,23.459999084472656,23.05500030517578,23.190000534057617,30706700
2025-10-24,23.65999984741211,23.698999404907227,23.274999618530273,23.5,19914300
2025-10-27,23.780000686645508,24.21500015258789,23.579999923706055,24.18000030517578,35603400
2025-10-28,24.25,24.697999954223633,23.690000534057617,24.25,38284100
2025-10-29,24.549999237060547,24.59000015258789,24.079999923706055,24.270000457763672,35121100
2025-10-30,24.149999618530273,24.74799919128418,24.040000915527344,24.40999984741211,39387200
2025-10-31,24.489999771118164,24.920000076293945,24.200000762939453,24.420000076293945,33572100
2025-11-03,24.6200008392334,24.780000686645508,24.110000610351562,24.5,28309400
2025-11-04,23.934999465942383,24.100000381469727,23.43000030517578,23.559999465942383,35378300
2025-11-05,23.600000381469727,24.030000686645508,23.389999389648438,23.709999084472656,27393700
2025-11-06,23.68000030517578,23.899999618530273,23.125,23.399999618530273,22854200
2025-11-07,23.270000457763672,23.524999618530273,22.790000915527344,23.450000762939453,21932600
2025-11-10,24.114999771118164,24.40999984741211,23.579999923706055,23.8799991607666,34049800
2025-11-11,23.700000762939453,23.75,22.764999389648438,22.889999389648438,28882000
2025-11-12,23.06999969482422,23.69499969482422,23.0,23.479999542236328,37546600
2025-11-13,23.270000457763672,23.594999313354492,22.649999618530273,22.93000030517578,42098300
2025-11-14,22.479999542236328,23.420000076293945,22.350000381469727,22.829999923706055,29807000
2025-11-17,21.940000534057617,22.190000534057617,20.735000610351562,21.229999542236328,50382100
2025-11-18,21.010000228881836,21.454999923706055,20.719999313354492,20.899999618530273,43252800
2025-11-19,20.81999969482422,21.145000457763672,20.56999969482422,20.600000381469727,26653200
2025-11-20,21.1200008392334,21.309999465942383,19.924999237060547,20.020000457763672,24343600
2025-11-21,20.18000030517578,20.790000915527344,19.950000762939453,20.520000457763672,22404400
2025-11-24,20.829999923706055,21.25,20.655000686645508,21.09000015258789,35604100
2025-11-25,21.110000610351562,21.450000762939453,20.93000030517578,21.360000610351562,21491200
2025-11-26,21.600000381469727,21.610000610351562,21.100000381469727,21.530000686645508,19609800
2025-11-28,21.584999084472656,21.934999465942383,21.540000915527344,21.8700008392334,7707800
2025-12-01,21.559999465942383,22.030000686645508,21.479999542236328,21.940000534057617,25190200
2025-12-02,22.229999542236328,22.239999771118164,21.844999313354492,21.920000076293945,16830400
2025-12-03,21.885000228881836,22.40999984741211,21.81999969482422,22.260000228881836,19079400
2025-12-04,22.309999465942383,23.09000015258789,22.299999237060547,22.899999618530273,33710900
2025-12-05,20.899999618530273,23.55500030517578,20.610000610351562,23.329999923706055,47409100
2025-12-08,23.135000228881836,24.364999771118164,23.049999237060547,23.860000610351562,26246100
2025-12-09,23.690000534057617,24.809999465942383,23.670000076293945,24.770000457763672,31516600
2025-12-10,24.739999771118164,25.40999984741211,24.579999923706055,25.260000228881836,40648800
2025-12-11,24.729999542236328,24.899999618530273,24.045000076293945,24.540000915527344,31575300
2025-12-12,24.389999389648438,24.434999465942383,23.684999465942383,23.8700008392334,49512900
2025-12-15,24.0,24.09000015258789,23.71500015258789,24.049999237060547,35706300
2025-12-16,23.920000076293945,24.5,23.834999084472656,24.299999237060547,33437500
2025-12-17,24.3700008392334,24.670000076293945,23.84000015258789,24.020000457763672,31541800
2025-12-18,24.100000381469727,24.190000534057617,23.385000228881836,23.920000076293945,23603100
2025-12-19,23.90999984741211,24.579999923706055,23.889999389648438,24.43000030517578,29907700
2025-12-22,24.670000076293945,24.799999237060547,24.385000228881836,24.700000762939453,18592700
2025-12-23,24.729999542236328,24.799999237060547,24.459999084472656,24.579999923706055,16269200
2025-12-24,24.600000381469727,24.700000762939453,24.440000534057617,24.440000534057617,5180800
2025-12-26,24.5,24.55500030517578,24.344999313354492,24.489999771118164,11203600
2025-12-29,24.25,24.524999618530273,24.1299991607666,24.329999923706055,13836300
2025-12-30,24.329999923706055,24.440000534057617,24.06999969482422,24.06999969482422,9611600
2025-12-31,24.020000457763672,24.239999771118164,23.84000015258789,24.020000457763672,14245400
2026-01-02,24.280000686645508,24.389999389648438,23.81999969482422,24.170000076293945,11238800
2026-01-05,24.219999313354492,24.40999984741211,23.729999542236328,24.1299991607666,18144700
2026-01-06,24.09000015258789,24.350000381469727,23.780000686645508,23.790000915527344,17048400
2026-01-07,23.709999084472656,23.799999237060547,22.43000030517578,22.43000030517578,23267100
2026-01-08,22.299999237060547,22.329999923706055,21.80500030517578,22.020000457763672,27026500
2026-01-09,22.100000381469727,22.389999389648438,21.760000228881836,22.170000076293945,25301900
2026-01-12,21.959999084472656,22.399999618530273,21.8700008392334,22.100000381469727,14571600
2026-01-13,22.5,22.71500015258789,22.229999542236328,22.290000915527344,11503000
2026-01-14,22.18000030517578,22.584999084472656,21.885000228881836,22.09000015258789,14093700
2026-01-15,22.420000076293945,22.549999237060547,21.940000534057617,21.950000762939453,14910500
2026-01-16,22.0,22.0,21.420000076293945,21.440000534057617,15541600
2026-01-20,20.989999771118164,21.110000610351562,20.075000762939453,20.389999389648438,26347300
2026-01-21,20.53499984741211,21.100000381469727,20.3700008392334,21.020000457763672,20480300
2026-01-22,21.299999237060547,21.934999465942383,21.299999237060547,21.360000610351562,14748500
2026-01-23,21.309999465942383,21.309999465942383,20.969999313354492,21.049999237060547,9391800
2026-01-26,21.06999969482422,21.415000915527344,21.020000457763672,21.3700008392334,10641900
2026-01-27,21.600000381469727,21.84000015258789,21.43000030517578,21.600000381469727,10058800
2026-01-28,21.75,21.920000076293945,21.53499984741211,21.709999084472656,16653000
2026-01-29,21.81999969482422,22.010000228881836,21.354999542236328,22.010000228881836,15125000
2026-01-30,21.6299991607666,21.80500030517578,21.260000228881836,21.520000457763672,19367800
2026-02-02,21.40999984741211,22.079999923706055,21.350000381469727,22.010000228881836,16061700
2026-02-03,22.190000534057617,22.485000610351562,21.665000915527344,21.780000686645508,20537400
2026-02-04,21.780000686645508,23.290000915527344,21.729999542236328,23.239999771118164,29903000
2026-02-05,22.920000076293945,23.100000381469727,22.165000915527344,22.709999084472656,23404300
2026-02-06,23.079999923706055,23.799999237060547,22.979999542236328,23.610000610351562,15011600
2026-02-09,23.40999984741211,24.06999969482422,23.299999237060547,23.90999984741211,14122000
2026-02-10,24.010000228881836,24.25,23.905000686645508,23.969999313354492,12868400
2026-02-11,24.229999542236328,24.3799991607666,23.290000915527344,23.809999465942383,15772900
2026-02-12,23.165000915527344,23.329999923706055,21.850000381469727,22.200000762939453,30321300
2026-02-13,22.229999542236328,23.0,22.03499984741211,22.690000534057617,16791300
2026-02-17,22.280000686645508,22.600000381469727,21.905000686645508,21.969999313354492,13720900
2026-02-18,21.780000686645508,22.020000457763672,21.46500015258789,21.549999237060547,17104600
2026-02-19,21.59000015258789,21.825000762939453,21.104999542236328,21.389999389648438,12195200
2026-02-20,21.280000686645508,21.934999465942383,21.264999389648438,21.3700008392334,12602300
2026-02-23,21.229999542236328,21.309999465942383,19.96500015258789,20.0,14414700
2026-02-24,20.030000686645508,20.389999389648438,19.84000015258789,20.25,12215100
2026-02-25,20.280000686645508,20.7549991607666,20.239999771118164,20.6299991607666,13677700
2026-02-26,20.8700008392334,21.024999618530273,20.43000030517578,20.84000015258789,16599100
2026-02-27,21.040000915527344,21.799999237060547,20.959999084472656,21.469999313354492,30874100
2026-03-02,21.190000534057617,22.15999984741211,21.076000213623047,22.1299991607666,15744500
2026-03-03,21.700000762939453,21.84000015258789,20.854999542236328,21.639999389648438,18494400
2026-03-04,21.799999237060547,21.989999771118164,21.530000686645508,21.549999237060547,10252800
2026-03-05,21.5,21.889999389648438,21.204999923706055,21.469999313354492,12822200
2026-03-06,21.079999923706055,21.510000228881836,20.844999313354492,21.1299991607666,16611800
2026-03-09,20.639999389648438,21.850000381469727,20.600000381469727,21.809999465942383,34704400
2026-03-10,22.020000457763672,22.139999389648438,21.024999618530273,21.100000381469727,36131400
2026-03-11,21.270000457763672,21.90999984741211,21.190000534057617,21.43000030517578,23240200
2026-03-12,21.149999618530273,21.739999771118164,21.149999618530273,21.579999923706055,21180600
2026-03-13,21.8799991607666,21.979999542236328,21.360000610351562,21.579999923706055,14179100
2026-03-16,21.899999618530273,22.110000610351562,21.649999618530273,21.850000381469727,16518800
2026-03-17,21.940000534057617,22.274999618530273,21.6200008392334,21.670000076293945,16696700
2026-03-18,21.709999084472656,21.9950008392334,21.440000534057617,21.530000686645508,10572700
2026-03-19,21.229999542236328,22.174999237060547,21.15999984741211,22.1200008392334,10302300
2026-03-20,22.43000030517578,22.56999969482422,21.46500015258789,21.690000534057617,24417900
2026-03-23,22.049999237060547,22.524999618530273,21.809999465942383,22.31999969482422,16638800
2026-03-24,22.18000030517578,23.90999984741211,22.020000457763672,23.899999618530273,28241800
2026-03-25,24.389999389648438,26.424999237060547,24.09000015258789,25.780000686645508,51915700
2026-03-26,25.579999923706055,25.975000381469727,24.92099952697754,25.06999969482422,24536600
2026-03-27,24.8700008392334,24.920000076293945,23.864999771118164,23.940000534057617,23974400
2026-03-30,23.8799991607666,24.18000030517578,22.295000076293945,22.610000610351562,24829600
2026-03-31,23.075000762939453,23.850000381469727,22.6200008392334,23.809999465942383,20443100
2026-04-01,24.149999618530273,24.434999465942383,23.770000457763672,23.979999542236328,12283500
2026-04-02,23.579999923706055,24.770000457763672,23.540000915527344,24.610000610351562,11102200
2026-04-06,24.739999771118164,25.15999984741211,24.264999389648438,24.579999923706055,10819200
2026-04-07,24.469999313354492,24.71500015258789,24.174999237060547,24.6299991607666,10196000
2026-04-08,25.350000381469727,25.700000762939453,24.575000762939453,24.979999542236328,19230900
2026-04-09,24.950000762939453,25.110000610351562,24.5049991607666,24.829999923706055,13260000
2026-04-10,25.010000228881836,25.290000915527344,24.309999465942383,24.889999389648438,12573400
2026-04-13,24.489999771118164,25.25,23.860000610351562,24.809999465942383,19954400
2026-04-14,24.760000228881836,24.790000915527344,24.014999389648438,24.469999313354492,13036400
2026-04-15,24.420000076293945,24.719999313354492,24.2549991607666,24.6200008392334,9348500
2026-04-16,24.899999618530273,25.90999984741211,24.68000030517578,25.889999389648438,15605900
2026-04-17,26.100000381469727,26.559999465942383,25.895000457763672,26.440000534057617,17927100
2026-04-20,26.450000762939453,27.90999984741211,26.34000015258789,27.809999465942383,20616500
2026-04-21,27.969999313354492,29.6299991607666,27.959999084472656,28.760000228881836,22871800
2026-04-22,28.8799991607666,29.09000015258789,28.420000076293945,28.510000228881836,12695100
2026-04-23,28.524999618530273,28.524999618530273,27.405000686645508,27.93000030517578,11628400
2026-04-24,28.280000686645508,28.3700008392334,27.479999542236328,28.15999984741211,11110900
2026-04-27,28.459999084472656,28.899999618530273,28.309999465942383,28.6200008392334,8439200
2026-04-28,28.045000076293945,28.229999542236328,27.344999313354492,27.950000762939453,11453000
2026-04-29,27.969999313354492,28.469999313354492,27.68000030517578,28.299999237060547,13271700
2026-04-30,28.350000381469727,28.790000915527344,27.989999771118164,28.770000457763672,17192200
2026-05-01,28.8700008392334,28.969999313354492,28.350000381469727,28.56999969482422,11032500
2026-05-04,28.93000030517578,29.299999237060547,28.3799991607666,28.709999084472656,12078200
2026-05-05,29.0,30.149999618530273,28.954999923706055,30.040000915527344,11580000
2026-05-06,30.139999389648438,30.420000076293945,29.524999618530273,30.3700008392334,12871900
2026-05-07,30.030000686645508,30.049999237060547,29.309999465942383,29.700000762939453,15708600
2026-05-08,30.0,31.350000381469727,29.832000732421875,31.350000381469727,17521000
2026-05-11,31.190000534057617,31.639999389648438,30.670000076293945,30.8700008392334,14198300
2026-05-12,30.40999984741211,30.579999923706055,29.489999771118164,30.209999084472656,11200100
2026-05-13,30.649999618530273,32.529998779296875,30.170000076293945,32.06999969482422,27523500
2026-05-14,33.70000076293945,34.69499969482422,33.2400016784668,34.130001068115234,34638300
2026-05-15,33.65999984741211,33.65999984741211,32.72100067138672,33.099998474121094,16381200
2026-05-18,33.58000183105469,33.83000183105469,32.31999969482422,33.0,16653100
2026-05-19,32.45000076293945,33.040000915527344,31.8799991607666,32.619998931884766,10241000
2026-05-20,32.81999969482422,34.0,32.689998626708984,33.79999923706055,11467600
2026-05-21,33.39500045776367,33.9900016784668,33.1150016784668,33.970001220703125,11649800
2026-05-22,34.650001525878906,37.744998931884766,34.5,37.58000183105469,30722400
2026-05-26,37.91999816894531,38.58000183105469,37.33000183105469,38.060001373291016,16802000
2026-05-27,37.810001373291016,37.900001525878906,36.709999084472656,37.20000076293945,17674600
2026-05-28,37.470001220703125,38.35499954223633,36.57500076293945,38.209999084472656,23279900
2026-05-29,42.779998779296875,44.57500076293945,41.52000045776367,43.040000915527344,86121400
2026-06-01,44.18000030517578,47.970001220703125,43.400001525878906,47.0,115597800
2026-06-02,63.060001373291016,64.25,53.470001220703125,56.150001525878906,153197800
2026-06-03,54.18000030517578,55.9900016784668,52.61000061035156,55.150001525878906,56953400
2026-06-04,53.0,54.470001220703125,52.31999969482422,53.689998626708984,36790300
2026-06-05,52.904998779296875,53.05400085449219,48.540000915527344,49.20000076293945,37733400
2026-06-08,49.95000076293945,50.86600112915039,48.915000915527344,49.869998931884766,28878300
2026-06-09,49.834999084472656,50.5,45.72999954223633,48.27000045776367,28578500
2026-06-10,47.849998474121094,47.970001220703125,44.90999984741211,45.4900016784668,33229400
2026-06-11,45.0,46.79999923706055,44.7400016784668,46.79999923706055,24482800
2026-06-12,46.5099983215332,49.779998779296875,45.970001220703125,48.16999816894531,23521900
2026-06-15,49.474998474121094,49.599998474121094,48.099998474121094,49.02000045776367,30500700
2026-06-16,49.1349983215332,50.34000015258789,47.97999954223633,48.380001068115234,24311600
2026-06-17,49.5,50.45000076293945,47.95199966430664,48.20000076293945,31243800
2026-06-18,49.17499923706055,49.599998474121094,46.93000030517578,47.40999984741211,53337800
2026-06-22,48.040000915527344,49.630001068115234,47.709999084472656,48.400001525878906,23278000
2026-06-23,46.25,49.71500015258789,45.83000183105469,48.91999816894531,20640100
2026-06-24,48.2400016784668,50.20000076293945,47.650001525878906,48.75,21053300
2026-06-25,48.099998474121094,48.15999984741211,46.099998474121094,46.720001220703125,26924600
2026-06-26,45.21500015258789,45.369998931884766,43.130001068115234,43.709999084472656,36793900
2026-06-29,43.790000915527344,44.779998779296875,42.43000030517578,44.40999984741211,17151600
2026-06-30,44.0,45.22999954223633,43.470001220703125,45.11000061035156,19933200
2026-07-01,44.43000030517578,44.5,42.84000015258789,43.95000076293945,20470800
2026-07-02,43.5,43.935001373291016,40.71500015258789,41.22999954223633,18968400
2026-07-06,41.77299880981445,43.845001220703125,41.5,43.150001525878906,16433200
2026-07-07,43.44499969482422,44.275001525878906,42.5,43.470001220703125,16467600
2026-07-08,43.310001373291016,45.220001220703125,43.290000915527344,44.66999816894531,18384700
2026-07-09,45.8849983215332,49.31999969482422,45.63999938964844,49.11000061035156,26431400
2026-07-10,49.029998779296875,51.08000183105469,48.349998474121094,48.540000915527344,19441200
2026-07-13,48.189998626708984,48.46099853515625,46.459999084472656,47.2400016784668,18393400
2026-07-14,48.86000061035156,50.04499816894531,48.599998474121094,49.560001373291016,17133500
2026-07-15,50.310001373291016,50.310001373291016,45.470001220703125,47.38999938964844,19917300
2026-07-16,47.25,47.66999816894531,44.7400016784668,45.130001068115234,27344000
2026-07-17,44.400001525878906,46.82500076293945,43.70000076293945,45.81999969482422,14894100
2026-07-20,46.119998931884766,46.22999954223633,44.470001220703125,44.560001373291016,11883400
2026-07-21,45.630001068115234,46.98500061035156,45.59000015258789,46.720001220703125,13224500
2026-07-22,47.209999084472656,49.68000030517578,47.0,48.130001068115234,14833900
2026-07-23,47.47999954223633,49.25,47.400001525878906,47.63999938964844,11989100
2026-07-24,48.0,49.209999084472656,47.340999603271484,47.689998626708984,11332900
2026-07-27,48.0,49.13999938964844,46.310001373291016,48.189998626708984,13744600
2026-07-28,46.31999969482422,46.5099983215332,43.29999923706055,45.59000015258789,20961600
2026-07-29,45.25,46.65999984741211,44.18000030517578,44.439998626708984,12304800
2026-07-30,46.290000915527344,47.244998931884766,45.459999084472656,47.13999938964844,20281900
2026-07-31,49.0,49.88999938964844,46.81999969482422,47.900001525878906,17247400
2026-08-03,47.5099983215332,50.560001373291016,46.29999923706055,50.2400016784668,17026300
2026-08-04,52.61000061035156,53.415000915527344,50.387001037597656,52.38999938964844,25682700
2026-08-05,52.0,54.630001068115234,51.70000076293945,53.220001220703125,17337900
2026-08-06,51.380001068115234,53.220001220703125,49.119998931884766,52.43000030517578,17447500
2026-08-07,53.47999954223633,53.564998626708984,50.650001525878906,53.220001220703125,14041900
2026-08-10,55.400001525878906,56.4630012512207,54.16999816894531,54.68000030517578,15824100
2026-08-11,54.599998474121094,54.91999816894531,52.61000061035156,54.380001068115234,10844900
2026-08-12,55.709999084472656,58.900001525878906,55.060001373291016,58.790000915527344,22395200
2026-08-13,61.20000076293945,63.439998626708984,59.68000030517578,59.81999969482422,26124000
2026-08-14,60.47999954223633,60.47999954223633,58.599998474121094,58.709999084472656,11762700
2026-08-17,59.2400016784668,59.2400016784668,57.09000015258789,57.61000061035156,10835200
2026-08-18,55.86000061035156,58.09000015258789,54.869998931884766,55.689998626708984,19363200
2026-08-19,55.689998626708984,55.939998626708984,51.59000015258789,53.130001068115234,17719100
2026-08-20,53.349998474121094,54.1349983215332,52.5099983215332,52.88999938964844,11165500
2026-08-21,53.29999923706055,54.099998474121094,52.75,53.45000076293945,7894600
2026-08-24,53.0,54.619998931884766,51.29999923706055,52.43000030517578,10481100
2026-08-25,53.599998474121094,54.66999816894531,53.0,53.439998626708984,11199400
2026-08-26,53.400001525878906,55.45000076293945,53.400001525878906,55.22999954223633,10384300
2026-08-27,55.75,55.78499984741211,54.084999084472656,54.40999984741211,14949500
2026-08-28,53.659000396728516,53.9630012512207,52.0099983215332,52.310001373291016,13921600
2026-08-31,53.09000015258789,53.79999923706055,52.209999084472656,52.2400016784668,30315000
2026-09-01,52.4900016784668,53.15999984741211,50.2400016784668,50.869998931884766,19454900
2026-09-02,51.9900016784668,52.47999954223633,49.79999923706055,51.83000183105469,60701300
2026-09-03,47.599998474121094,54.880001068115234,45.70000076293945,54.439998626708984,72139300
2026-09-04,53.849998474121094,54.63999938964844,51.4900016784668,52.0,30210400
2026-09-08,52.290000915527344,56.16999816894531,51.79999923706055,56.029998779296875,27635500
2026-09-09,56.939998626708984,58.91999816894531,56.54999923706055,58.900001525878906,30064600
2026-09-10,57.79999923706055,57.91999816894531,55.130001068115234,55.220001220703125,19803400
2026-09-11,56.369998931884766,62.150001525878906,56.334999084472656,62.09000015258789,39047900
2026-09-14,55.60499954223633,57.20000076293945,55.15999984741211,55.40999984741211,31211300
2026-09-15,55.744998931884766,57.7400016784668,55.4900016784668,55.880001068115234,23297300
2026-09-16,55.5099983215332,58.13999938964844,55.02000045776367,56.68000030517578,24029300
2026-09-17,57.25,62.13999938964844,57.0099983215332,61.040000915527344,25822300
2026-09-18,61.70000076293945,61.779998779296875,59.64500045776367,60.7599983215332,26508500
2026-09-21,62.650001525878906,63.86000061035156,60.29999923706055,61.75,20424900
